SKU,Title
SKU-001,Vtg 1978 Cast Iron Skillet 10in
SKU-002,RARE BEAUTIFUL Mid Century Modern Teak Side Table MUST SEE
SKU-003,"The Silent Patient - Hardcover By Michaelides, Alex - Very Good"
SKU-004,Womens Denim Jacket Medium
SKU-005,Charizard Obsidian Flames Holo Rare 125/197
SKU-006,Pyrex Mixing Bowl Set
SKU-007,NATIONAL GEOGRAPHIC MAGAZINE JULY 1985 AFGHAN GIRL COVER ISSUE 1985
SKU-008,Levis 501 Jeans 34x32 Vtg Made in USA Denim Blue Straight Leg Button Fly
SKU-009,Antique Oil Lamp Brass
SKU-010,"Dune - Paperback By Herbert, Frank - 1990 Ace Books Science Fiction"
SKU-011,L@@K Vintage Seiko Watch WOW
SKU-012,Corelle Dinner Plates Set of 4 White Butterfly Gold Pattern 10.25in Vintage
SKU-013,Mens Wool Sweater L Brown Cable Knit
SKU-014,Pikachu Base Set 58/102 Near Mint
SKU-015,Time Magazine March 1969
SKU-016,Singer Sewing Machine 1952 Model 15-91 Working Tested Black Gold Cast Iron
SKU-017,Hb/dj The Great Gatsby Fitzgerald Scribner
SKU-018,Nike Air Max 90 Size 10 Mens White Grey Sneakers Shoes Athletic Running
SKU-019,Depression Glass Pink Bowl
SKU-020,STAR WARS VINTAGE 1977 KENNER LUKE SKYWALKER ACTION FIGURE 1977 COMPLETE
